Log dictionary size,Time (s)
1,0.00003117
2,0.00003041
3,0.00003354
4,0.00002748
5,0.00002923
6,0.00003052
7,0.00003421
8,0.00004216
9,0.00010950
10,0.00015710
11,0.00013640
12,0.00023640
13,0.00021240
14,0.00024610
15,0.00036590
16,0.00045500
17,0.00080900
18,0.00232700
19,0.00138800
20,0.00279100
21,0.00490100
22,0.00987900
23,0.01899000
24,0.03786000
25,0.07522000
26,0.14910000
27,0.29520000
28,0.61100000
29,1.21200000
30,2.42400000
31,4.84800000
32,9.69600000
33,19.39200000